Brand,Color,Price,no_of_star,rating,discount,Model,Ton
Voltas,White,"₹32,490",3,4.2,48% off,2023,1.5
SAMSUNG,White,"₹30,490",3,4.2,51% off,,1.5
Daikin,White,"₹25,999",3,4.1,30% off,2023,0.8
Godrej,,"₹29,490",3,4.1,31% off,2023,
Whirlpool,,"₹37,990",5,3.9,46% off,2023,1.5
Haier,,"₹31,990",3,4,50% off,2023,1.5
Blue,,"₹28,999",3,4.2,30% off,2023,0.8
Voltas,White,"₹39,490",5,4.2,48% off,2023,1.5
Daikin,White,"₹37,999",3,4.2,34% off,2023,1.5
Blue,,"₹35,900",3,4.2,42% off,2023,1.5
LG,,"₹31,490",5,4.2,49% off,,
Godrej,,"₹34,490",4,4.1,31% off,2023,1.5
Voltas,White,"₹28,200",3,4.1,34% off,,1.5
Panasonic,,"₹36,490",3,4.3,34% off,2023,1.5
Lloyd,White,"₹33,499",3,4.2,44% off,2023,1.5
Whirlpool,,"₹34,490",4,3.9,48% off,2023,1.5
Lloyd,White,"₹39,990",5,4.2,41% off,2023,1.5
SAMSUNG,White,"₹35,490",3,4.1,41% off,2023,1.5
Daikin,White,"₹45,490",5,4.2,32% off,2023,1.5
Voltas,White,"₹25,999",3,4.1,46% off,,0.75
Godrej,White,"₹26,149",3,3.9,37% off,2023,1.5
Godrej,,"₹37,990",5,4,30% off,2023,1.5
Whirlpool,,"₹27,490",3,3.9,50% off,2023,0.8
LG,White,"₹35,990",3,3.9,55% off,2023,1.5
LG,White,"₹35,990",3,,55% off,2023,1.5
Godrej,White,"₹26,149",3,3.9,37% off,2023,1.5
Blue,,"₹32,690",3,4.2,36% off,2023,
Voltas,White,"₹39,490",5,4.1,48% off,2023,1.5
Lloyd,White,"₹28,900",3,4.2,31% off,2023,0.8
Daikin,White,"₹36,980",3,4.1,36% off,,1.5
Whirlpool,,"₹32,790",3,3.9,47% off,2023,1.5
SAMSUNG,White,"₹38,990",5,4.2,40% off,,1.5
Voltas,White,"₹26,639",3,4,33% off,,
ONIDA,White,"₹31,490",3,4.2,49% off,,1.5
Blue,,"₹43,990",5,4.2,39% off,2023,1.5
Godrej,White,"₹31,313",3,4,31% off,,1.5
realme,,"₹30,490",4,4.1,44% off,,1.5
LG,,"₹36,699",3,4.2,51% off,2023,1.5
SAMSUNG,White,"₹38,990",4,4.1,40% off,2023,1.5
Daikin,White,"₹32,990",3,4.2,31% off,2023,
Blue,,"₹35,990",5,4.2,48% off,,1.5
SAMSUNG,W,"₹36,490",3,4,41% off,2023,1.5
Haier,,"₹30,999",3,4,48% off,2023,1.3
Haier,,"₹39,490",5,4,44% off,2023,1.5
Godrej,White,"₹36,990",3,3.9,47% off,,
Lloyd,White,"₹32,990",3,4.2,45% off,,1.5
Whirlpool,,"₹32,990",3,3.9,47% off,2023,1.5
Whirlpool,White,"₹31,990",5,4.1,47% off,2023,
Blue,,"₹35,990",3,4.2,41% off,2023,1.5
SAMSUNG,W,"₹36,490",3,4,41% off,2023,1.5
LG,White,"₹33,990",3,4.1,48% off,2023,1.5
Voltas,White,"₹30,490",3,4.2,49% off,2023,1.2
Panasonic,,"₹44,490",5,4.3,29% off,2023,1.5
LG,,"₹33,490",5,4.2,46% off,,
Panasonic,White,"₹19,999",5,,39% off,,
Blue,White,"₹24,990",3,4.1,16% off,2023,0.8
Voltas,White,"₹31,499",3,4.2,32% off,2023,1.5
Lloyd,White,"₹37,999",3,4.2,41% off,2023,1.5
CANDY,White,"₹27,490",3,4,49% off,2023,
MarQ,,"₹28,990",3,4.1,43% off,,1.5
Panasonic,White,"₹28,990",3,4.3,39% off,,
CARRIER,,"₹30,990",3,4.1,45% off,2023,
LG,,"₹35,990",3,4.1,47% off,2023,1.5
SAMSUNG,White,"₹36,999",5,4.1,36% off,2023,
LG,,"₹44,490",5,4.1,48% off,2023,1.5
realme,,"₹32,999",5,4.1,45% off,,1.5
realme,White,"₹29,999",4,4.1,43% off,,1.5
MarQ,,"₹28,990",3,4.1,45% off,,1.5
Voltas,White,"₹35,470",5,4.1,29% off,2023,1.5
MarQ,,"₹25,990",3,4.1,42% off,,0.8
LG,,"₹44,490",5,4.1,41% off,2023,1.5
IFB,,"₹43,990",5,4.2,25% off,2023,1.5
Blue,,"₹32,990",3,4.2,42% off,2023,1.2
realme,,"₹29,490",5,4.1,42% off,,
CARRIER,White,"₹37,999",4,4.1,45% off,2023,1.5
MarQ,,"₹30,999",4,4.1,42% off,,1.5
Hitachi,White,"₹31,984",,3.9,46% off,,
Daikin,White,"₹36,999",3,4.1,36% off,,1.5
Voltas,White,"₹34,490",5,4.2,31% off,,1.5
LG,,"₹34,999",3,4.1,49% off,,1.5
realme,,"₹28,999",4,4.1,43% off,,1.2
CARRIER,,"₹36,999",5,4.1,44% off,2023,1.2
Godrej,,"₹33,490",5,4.1,31% off,2023,
Godrej,,"₹48,990",5,4.2,28% off,2023,
SAMSUNG,Whi,"₹32,990",3,4,35% off,2023,
Thomson,White,"₹26,499",2,4.1,28% off,2023,
CARRIER,,"₹45,999",5,4,43% off,2023,1.5
Panasonic,White,"₹39,933",4,4.1,42% off,,1.5
Haier,,"₹36,490",4,3.7,42% off,2023,
Panasonic,White,"₹41,990",5,4.1,33% off,,1.5
Midea,,"₹35,990",5,4,47% off,2023,1.5
Blue,White,"₹33,990",3,4.2,40% off,2023,1.3
Voltas,White,"₹32,439",3,4.2,50% off,,1.5
Hitachi,White,"₹28,990",3,4.1,18% off,2023,1.5
realme,,"₹27,999",4,4.1,42% off,,
Hitachi,,"₹55,990",4,3.9,41% off,2023,1.8
SAMSUNG,White,"₹42,500",5,4.1,41% off,2023,1.5
Midea,,"₹27,999",3,4,46% off,2023,
Panasonic,,"₹35,490",3,4.1,34% off,2023,1.5
Hitachi,White,"₹35,499",3,,42% off,2023,1.5
Whirlpool,,"₹32,690",5,3.9,49% off,2023,
ONIDA,White,"₹29,490",5,4.2,45% off,,
Hitachi,White,"₹37,199",3,4.3,41% off,2023,1.5
SAMSUNG,White,"₹39,490",5,4.2,41% off,,1.5
Panasonic,White,"₹44,511",3,4.3,35% off,,
Daikin,White,"₹46,499",5,4.2,34% off,,1.5
LG,White,"₹39,990",5,4.1,39% off,2023,1.5
LG,,"₹49,990",5,4.1,39% off,2023,1.5
Panasonic,,"₹50,990",3,4.3,26% off,2023,
Whirlpool,,"₹41,990",3,3.9,46% off,2023,
Lloyd,White,"₹39,999",5,4.2,41% off,2023,1.5
Haier,,"₹36,999",4,4,47% off,2023,1.5
Panasonic,,"₹33,490",3,4.3,30% off,2023,
SAMSUNG,White,"₹33,999",3,4.1,35% off,2023,
Voltas,White,"₹28,734",3,4.2,56% off,,1.6
Voltas,White,"₹47,999",3,4.3,41% off,2023,
Lloyd,White,"₹27,999",2,4.2,40% off,2023,
Godrej,White,"₹41,409",3,,26% off,,
Thomson,,"₹30,499",3,4,30% off,2023,1.5
Daikin,White,"₹40,380",3,4.1,27% off,,1.5
Blue,White,"₹26,990",3,4.1,18% off,2023,
Lloyd,White,"₹34,999",5,4.2,44% off,2023,1.2
SAMSUNG,Whi,"₹50,999",3,4,39% off,2023,
IFB,,"₹37,490",3,4.2,25% off,2023,1.5
Godrej,White,"₹39,490",5,4.2,23% off,,1.5
LG,,"₹49,990",5,4.1,39% off,2023,1.5
Lloyd,White,"₹36,499",4,4.2,42% off,2023,1.5
Voltas,White,"₹30,470",3,3.7,46% off,,
LG,,"₹33,490",3,4.1,42% off,2023,
IFB,,"₹48,490",3,4.2,23% off,2023,
Godrej,White,"₹33,990",3,3.9,29% off,2023,1.5
Voltas,White,"₹44,600",5,4.2,40% off,,1.5
Voltas,White,"₹44,999",3,4.2,43% off,2023,
Panasonic,,"₹41,990",5,4.1,34% off,2023,
SAMSUNG,White,"₹45,499",5,4.1,38% off,2023,1.5
Daikin,White,"₹46,499",5,4.2,34% off,,1.5
CARRIER,,"₹37,999",3,4,47% off,2023,1.5
CARRIER,White,"₹35,589",5,4.3,53% off,,1.5
Panasonic,White,"₹35,576",5,4.1,34% off,,
Blue,White,"₹33,490",5,4.2,43% off,,
LG,,"₹33,990",3,4.1,50% off,2023,1.2
ONIDA,White,"₹34,999",5,4.2,43% off,,1.5
Blue,White,"₹31,990",3,,37% off,2023,
SAMSUNG,White,"₹33,999",3,4.1,35% off,2023,
Lloyd,White,"₹28,490",3,4.2,38% off,,
Voltas,White,"₹32,999",3,4.1,52% off,,1.5
Godrej,White,"₹45,490",3,3.9,26% off,2023,
Voltas,White,"₹55,499",5,4.2,40% off,2023,
Voltas,White,"₹32,780",3,3.9,49% off,,1.5
LG,,"₹46,990",5,4.4,51% off,2023,1.5
Daikin,White,"₹37,999",5,4.2,31% off,2023,
Blue,White,"₹35,990",5,4.1,19% off,2023,1.5
SAMSUNG,White,"₹36,999",3,4.1,40% off,2023,1.5
LG,,"₹44,490",5,4.2,45% off,2023,1.5
SAMSUNG,W,"₹44,499",5,4,39% off,2023,1.5
Lloyd,White,"₹30,499",3,4.3,41% off,,1.2
IFB,,"₹38,490",3,4.2,25% off,2023,1.5
SAMSUNG,White,"₹31,500",3,4.1,38% off,2023,
Panasonic,,"₹35,490",4,4.3,29% off,2023,
Godrej,,"₹30,490",3,4.2,34% off,2023,1.5
CANDY,White,"₹32,990",5,4,45% off,2023,
Blue,White,"₹50,999",3,3.8,29% off,,
Lloyd,White,"₹32,799",5,3.9,40% off,2023,1.5
Panasonic,,"₹43,990",3,4.1,28% off,2023,1.5
LG,,"₹50,990",3,4.1,40% off,2023,
Voltas,White,"₹33,799",3,3.9,17% off,,1.5
CANDY,White,"₹27,990",4,4,51% off,2023,
Panasonic,White,"₹32,990",3,4.3,40% off,,1.5
Godrej,White,"₹31,900",3,4.1,31% off,,1.5
Lloyd,White,"₹42,790",5,4.2,29% off,,1.5
Blue,,"₹34,990",4,4.2,41% off,2023,
Voltas,White,"₹28,734",3,4.2,56% off,,1.6
Haier,,"₹44,990",5,4,37% off,2023,1.6
NU,White,"₹29,990",3,3.6,39% off,2023,1.5
CARRIER,White,"₹28,990",3,4.1,47% off,,0.8
CARRIER,White,"₹38,990",3,4.3,39% off,,1.5
Panasonic,White,"₹36,401",3,4.1,40% off,,1.5
IFB,,"₹42,990",5,4.3,25% off,2023,1.5
Lloyd,White,"₹29,490",3,4.1,38% off,2023,1.5
Whirlpool,,"₹29,990",3,3.9,48% off,2023,
Blue,White,"₹47,490",5,4.9,20% off,2023,1.5
Panasonic,,"₹65,990",5,4.3,24% off,2023,
SAMSUNG,White,"₹26,951",3,4.2,53% off,,1.5
CARRIER,,"₹44,990",3,4.3,42% off,,
ONIDA,White,"₹32,990",4,4.2,46% off,,1.6
Voltas,White,"₹32,699",5,4.2,59% off,,1.6
Lloyd,White,"₹26,490",3,4.3,36% off,,0.8
Lloyd,White,"₹32,999",2,4.1,44% off,2023,1.5
Panasonic,White,"₹34,658",5,4.1,43% off,,
Godrej,,"₹42,990",3,4.1,29% off,2023,
Lloyd,White,"₹29,999",3,4.3,33% off,,
LG,,"₹32,999",5,4.1,42% off,2023,
CARRIER,,"₹33,880",3,4.2,49% off,2023,1.5
MarQ,,"₹24,999",3,4.1,43% off,,0.7
Lloyd,White,"₹35,499",3,4.2,42% off,,1.5
Blue,,"₹40,990",4,4.2,41% off,2023,1.5
Lloyd,White,"₹31,490",3,4.2,42% off,2023,1.2
Hitachi,,"₹38,499",5,3.7,39% off,2023,
LG,,"₹49,490",5,4.1,39% off,2023,1.5
Lloyd,White,"₹29,999",3,4.3,33% off,,
Voltas,White,"₹35,999",5,3.7,43% off,,
IFB,,"₹31,490",2,4.2,21% off,2023,
Daikin,White,"₹43,990",1,3.3,28% off,,1.8
LG,,"₹43,490",5,4.2,36% off,2023,
Blue,,"₹30,990",2,4.2,29% off,2023,
MarQ,,"₹26,499",3,4.1,43% off,,
CARRIER,White,"₹42,400",5,3.7,35% off,,
Haier,White,"₹30,990",3,5,47% off,,
Hitachi,,"₹31,999",3,3.9,41% off,2023,
LG,,"₹39,990",4,4.1,51% off,2023,1.5
Hitachi,,"₹37,205",3,4,33% off,2023,1.5
Lloyd,White,"₹33,990",3,4,44% off,,1.5
LG,White,"₹46,990",4,4.1,38% off,2023,
Daikin,White,"₹37,590",3,4,32% off,,1.5
Midea,White,"₹26,990",3,4,46% off,2023,0.8
Blue,White,"₹33,999",5,4.1,10% off,2023,
Hitachi,White,"₹39,990",,3.9,38% off,,
Lloyd,White,"₹31,499",3,3.7,29% off,,
Thomson,White,"₹39,999",3,4,29% off,2023,
Frigidaire,White,"₹30,999",3,3.3,46% off,2023,1.5
CARRIER,,"₹50,990",3,4.1,36% off,2023,
Haier,,"₹52,990",3,4,40% off,2023,
Blue,,"₹35,954",,3.8,7% off,,
NU,White,"₹33,990",5,3.6,39% off,2023,1.5
Panasonic,,"₹65,990",5,4.3,24% off,2023,
LG,White,"₹42,140",5,4,29% off,,1.5
Haier,,"₹33,999",5,4,47% off,2023,
LG,,"₹31,790",3,4,47% off,,1.5
Lloyd,White,"₹34,899",3,4.4,44% off,2023,1.5
Blue,,"₹30,990",3,4.2,31% off,2023,0.9
Panasonic,White,"₹33,486",5,4.4,32% off,,
Midea,,"₹33,999",3,4,44% off,2023,1.5
CANDY,White,"₹26,990",3,5,30% off,2023,1.5
Daikin,White,"₹43,490",3,3.9,29% off,,1.5
Godrej,White,"₹32,900",3,4.1,25% off,,1.5
Midea,,"₹41,999",3,4,41% off,2023,
SAMSUNG,White,"₹38,990",4,4.2,40% off,,1.5
Godrej,White,"₹29,292",3,4.6,30% off,2023,
Hitachi,,"₹37,490",3,3.9,40% off,2023,1.5
Lloyd,White,"₹29,590",3,4.1,27% off,,1.5
ONIDA,White,"₹28,990",3,4.3,29% off,2023,
Midea,White,"₹24,990",3,4,46% off,,
MarQ,White,"₹29,999",3,4.1,34% off,,
SAMSUNG,White,"₹29,490",3,4.1,42% off,,
Blue,White,"₹43,990",5,4.2,,,1.5
Panasonic,,"₹37,990",5,4.3,30% off,2023,
Daikin,White,"₹34,990",3,4.1,23% off,,
Daikin,White,"₹44,878",5,4.1,33% off,,1.5
Voltas,White,"₹55,590",5,4.3,35% off,,
SAMSUNG,White,"₹32,841",5,4.1,50% off,,1.5
LG,,"₹47,990",5,4,42% off,2023,1.5
Voltas,White,"₹34,989",3,4.3,41% off,,1.5
CARRIER,White,"₹27,999",3,4.3,28% off,,
IFB,,"₹40,490",3,4.2,24% off,2023,1.6
Haier,White,"₹32,490",3,4,46% off,,1.2
Haier,,"₹38,490",3,3.8,42% off,2023,1.5
Voltas,White,"₹32,490",3,3.8,42% off,2023,
Haier,,"₹42,990",5,4.8,50% off,2023,1.6
Lloyd,White,"₹39,999",5,4.2,35% off,,1.5
Godrej,White,"₹32,449",3,,33% off,,1.5
Daikin,White,"₹37,270",3,4.3,32% off,,1.5
Lloyd,Red,"₹60,990",3,,,,1.5
Whirlpool,White,"₹25,867",3,4.1,58% off,,1.5
ONIDA,White,"₹32,900",3,,26% off,2023,1.5
CARRIER,,"₹33,880",3,4.2,49% off,2023,1.5
Lloyd,White,"₹26,999",3,4.2,43% off,2023,0.8
LG,White,"₹31,707",5,4.3,35% off,,1.5
Blue,,"₹37,990",5,4.2,38% off,2023,
Voltas,White,"₹35,760",2,3.7,25% off,2023,
Lloyd,White,"₹30,990",3,3.9,38% off,2023,
Daikin,White,"₹49,499",3,4.2,32% off,2023,1.8
IFB,White,"₹37,600",3,,24% off,,1.5
Blue,White,"₹39,990",5,4.7,33% off,,
SAMSUNG,,"₹38,900",3,4.2,38% off,2023,1.5
Godrej,White,"₹32,679",3,4.1,33% off,,1.5
Lloyd,White,"₹34,999",3,5,27% off,,1.5
Hitachi,Gold,"₹34,101",5,4,43% off,,1.5
LG,,"₹63,490",3,4.2,29% off,2023,
Haier,,"₹30,990",3,4,46% off,2023,
Panasonic,,"₹54,990",4,4.3,28% off,2023,
Blue,White,"₹25,490",2,4.1,17% off,2023,
LG,,"₹41,014",3,4.1,52% off,,
IFB,White,"₹40,999",5,3.8,28% off,,1.5
LG,White,"₹36,990",3,,39% off,,1.5
MarQ,White,"₹35,500",5,4.4,37% off,,1.5
Godrej,White,"₹31,999",3,4,33% off,,1.5
LG,White,"₹32,599",3,4.3,18% off,,1.5
Blue,White,"₹35,990",3,,41% off,2023,1.5
Godrej,White,"₹31,999",3,4,33% off,,1.5
LG,White,"₹32,599",3,4.3,18% off,,1.5
Daikin,White,"₹44,780",5,4,46% off,,1.5
Midea,,"₹51,999",5,4,36% off,2023,
Daikin,White,"₹44,444",5,4.3,33% off,,1.5
Lloyd,White,"₹28,990",3,4.3,43% off,,
SAMSUNG,White,"₹31,390",3,4.8,48% off,2023,
Daikin,White,"₹33,790",3,4.1,29% off,,
ONIDA,White,"₹38,490",5,4.3,24% off,2023,1.5
O,White,"₹41,100",,,11% off,,1.1
Daikin,White,"₹39,990",5,3.8,27% off,,
Lloyd,White,"₹26,990",3,4.2,43% off,2023,0.8
TOSHIBA,White,"₹36,593",5,1.5,40% off,,1.5
Godrej,White,"₹33,900",5,4.3,32% off,,
Blue,White,"₹29,510",3,4.1,25% off,2023,1.5
CARRIER,,"₹38,490",4,4.1,43% off,,1.5
Hitachi,,"₹57,999",4,3.7,39% off,2023,1.8
SAMSUNG,White,"₹37,900",3,3,41% off,2023,1.5
Panasonic,White,"₹29,139",3,4.4,35% off,,
LG,,"₹41,014",3,4.1,52% off,,
Blue,White,"₹35,990",3,3.4,41% off,2023,1.5
MarQ,White,"₹35,500",5,4.4,37% off,,1.5
Godrej,,"₹31,490",3,3.7,30% off,2023,1.4
Hitachi,,"₹33,999",3,3.7,38% off,2023,
SAMSUNG,White,"₹32,999",3,4.7,48% off,2023,
CARRIER,White,"₹32,999",3,4.3,39% off,,
Daikin,White,"₹45,590",5,,38% off,,1.5
Blue,White,"₹31,950",3,4.2,37% off,,
TOSHIBA,White,"₹43,910",5,4,40% off,,1.8
SAMSUNG,,"₹33,999",3,4.2,37% off,2023,
ONIDA,White,"₹31,490",3,4.3,28% off,2023,1.5
Daikin,White,"₹43,990",1,,28% off,,1.8
Lloyd,White,"₹42,000",5,4.2,39% off,2023,1.5
Hitachi,White,"₹44,590",5,,38% off,2023,1.5
IFB,,"₹29,990",2,4.2,25% off,2023,
Voltas,White,"₹44,200",,,44% off,,
Daikin,White,"₹31,999",3,4.2,8% off,,1.5
Hitachi,White,"₹36,930",3,4,33% off,,1.5
Panasonic,,"₹49,999",5,4.1,34% off,2023,1.5
Hitachi,White,"₹42,700",5,3.7,40% off,,1.5
Daikin,White,"₹40,580",3,4.1,27% off,,1.5
ONIDA,White,"₹29,990",3,4.2,38% off,,
MarQ,White,"₹25,999",3,4,42% off,,0.8
Voltas,White,"₹44,300",5,,37% off,,1.5
LG,,"₹37,990",5,4.2,44% off,2023,
Hitachi,,"₹38,499",5,3.7,39% off,2023,
Panasonic,White,"₹37,500",5,,,,1.5
Daikin,White,"₹62,999",3,,27% off,,2.02
ONIDA,White,"₹29,990",3,4.2,38% off,,
LG,,"₹37,990",5,4.2,44% off,2023,
Panasonic,White,"₹37,500",5,4.2,,,1.5
Daikin,White,"₹62,999",3,,27% off,,2.02
SAMSUNG,White,"₹56,500",3,4.8,10% off,,1.5
Panasonic,White,"₹36,586",3,3.6,38% off,,
SAMSUNG,White,"₹32,999",3,4.7,48% off,2023,
Voltas,White,"₹38,499",4,4.2,44% off,,1.5
SAMSUNG,White,"₹53,539",3,,36% off,2023,
Lloyd,White,"₹42,599",5,4.1,30% off,,1.5
SAMSUNG,White,"₹43,500",5,4.3,15% off,,
Blue,White,"₹33,999",5,4.1,2% off,,
Hitachi,White,"₹36,990",3,3.8,36% off,,1.5
MarQ,,"₹24,999",3,,43% off,,0.7
Hitachi,White,"₹42,240",,,41% off,,1.5
Lloyd,White,"₹36,990",3,3.8,39% off,,1.5
Daikin,White,"₹40,330",3,,34% off,,1.5
Hitachi,White,"₹47,999",3,4.3,24% off,,1.5
Daikin,White,"₹59,990",3,4.8,30% off,,2.02
Daikin,White,"₹39,490",3,4.1,32% off,,1.5
Hitachi,,"₹48,999",3,3.7,33% off,2023,1.8
Hitachi,White,"₹30,490",3,4,47% off,,1.5
Blue,White,"₹51,999",3,,18% off,,
LG,,"₹38,990",3,4.2,51% off,,1.5
Voltas,White,"₹42,749",3,,46% off,2023,1.5
Whirlpool,White,"₹32,999",3,4.2,26% off,,1.5
Voltas,White,"₹32,024",5,4.3,53% off,,1.5
Lloyd,White,"₹54,900",5,4.2,36% off,2023,
Blue,White,"₹28,499",2,4.1,24% off,2023,1.5
SAMSUNG,White,"₹36,900",3,,41% off,2023,1.5
TOSHIBA,White,"₹30,798",5,4,38% off,,
LG,White,"₹49,990",5,,39% off,2023,1.5
Lloyd,White,"₹49,500",3,3.9,28% off,,
Blue,White,"₹59,999",5,4.4,25% off,,
MarQ,White,"₹15,999",3,4.3,60% off,,
IFB,,"₹41,490",4,4.2,24% off,2023,1.5
Daikin,White,"₹33,990",,,29% off,,
Godrej,White,"₹29,490",3,4.2,31% off,,
Hisense,White,"₹31,990",5,4.2,15% off,,
LG,White,"₹48,990",5,,43% off,2023,1.5
Lloyd,White,"₹36,999",5,,26% off,,
Hitachi,White,"₹49,890",4,,30% off,,1.5
CARRIER,White,"₹43,880",5,4.8,13% off,,1.5
Panasonic,White,"₹38,990",3,,35% off,2023,1.5
Blue,White,"₹31,490",3,,39% off,,
SAMSUNG,White,"₹45,990",5,,11% off,2023,1.5
Voltas,White,"₹35,999",3,4.1,47% off,2023,1.5
Panasonic,White,"₹36,139",3,,34% off,2023,1.5
Blue,White,"₹31,490",3,,39% off,,
Hitachi,White,"₹35,549",2,,34% off,,1.5
Lloyd,White,"₹38,975",4,4.4,35% off,,1.5
SAMSUNG,White,"₹45,990",5,,11% off,2023,1.5
Voltas,White,"₹35,999",3,4.1,47% off,2023,1.5
Panasonic,White,"₹36,139",3,,34% off,2023,1.5
LG,White,"₹42,990",3,4.5,39% off,,1.5
Blue,White,"₹51,490",5,,33% off,,1.5
MarQ,White,"₹27,990",3,4.2,28% off,,1.5
Daikin,White,"₹52,250",3,3.9,17% off,,1.8
Lloyd,White,"₹29,590",3,4.8,27% off,,1.5
Panasonic,White,"₹36,750",3,4.7,33% off,2023,1.5
Blue,White,"₹43,490",,,37% off,,1.5
SAMSUNG,White,"₹64,990",4,,,,1.5
Blue,White,"₹39,999",3,4.2,9% off,,
Blue,White,"₹35,699",3,4.1,31% off,,1.5
Blue,,"₹39,399",2,4.2,24% off,2023,1.5
Godrej,White,"₹34,899",,,36% off,2023,1.5
Voltas,White,"₹37,449",3,3.7,44% off,,1.5
Voltas,White,"₹30,449",3,4.2,46% off,2023,
Blue,White,"₹49,399",5,,32% off,,1.5
LG,White,"₹39,699",,4.8,41% off,2023,1.5
CARRIER,White,"₹37,350",3,,39% off,,1.5
Lloyd,White,"₹36,999",5,,43% off,,
Lloyd,White,"₹38,975",4,4.4,35% off,,1.5
Blue,White,"₹40,011",3,,23% off,,1.5
Whirlpool,White,"₹32,900",3,3.9,25% off,,1.5
Blue,White,"₹39,890",3,4.8,35% off,,1.5
CARRIER,White,"₹30,450",3,4.8,32% off,,1.5
Blue,White,"₹59,891",5,2,28% off,,
Hitachi,Gold,"₹46,490",5,4,41% off,,
Daikin,White,"₹50,815",3,,30% off,,1.8
SAMSUNG,White,"₹41,000",3,4.8,14% off,,
Sansui,White,"₹31,500",,,45% off,2023,1.5
Panasonic,White,"₹40,441",5,4.4,29% off,,1.5
realme,White,"₹35,499",5,4.2,45% off,2023,1.5
Hitachi,,"₹33,145",3,4,28% off,2023,
LG,White,"₹49,999",,,34% off,,1.5
Panasonic,White,"₹37,200",3,4.1,31% off,,1.5
O,White,"₹34,299",4,2,6% off,,
Voltas,White,"₹26,600",3,,26% off,2023,
SAMSUNG,White,"₹44,900",5,3.7,38% off,,1.5
LG,White,"₹45,954",4,,36% off,,1.5
CANDY,White,"₹33,990",5,5,29% off,2023,1.5
Panasonic,White,"₹32,490",3,,32% off,,
Voltas,White,"₹44,300",5,4.5,37% off,,1.5
Voltas,White,"₹51,990",3,,,,1.5
Daikin,White,"₹44,800",4,4.2,23% off,,1.5
Panasonic,White,"₹40,299",3,,32% off,2023,1.5
Voltas,White,"₹29,200",3,3.8,48% off,,
Hitachi,White,"₹39,799",3,3.7,31% off,,1.5
SAMSUNG,White,"₹39,990",3,,35% off,,1.5
Voltas,White,"₹31,990",3,4.2,30% off,,
Lloyd,White,"₹24,990",2,3.9,37% off,,
O,White,"₹50,900",2,,7% off,,
CARRIER,White,"₹46,990",5,,38% off,,1.5
TOSHIBA,White,"₹56,990",5,1,20% off,,1.5
Voltas,White,"₹48,490",,,35% off,,
CARRIER,White,"₹39,490",4,3.3,42% off,,1.5
Godrej,White,"₹39,999",5,4.2,27% off,,1.5
O,White,"₹81,900",5,,5% off,,
Blue,White,"₹33,790",3,3.8,24% off,2023,1.5
Godrej,White,"₹40,800",5,4.5,21% off,,1.5
Kelvinator,White,"₹33,499",3,,32% off,,1.5
Panasonic,White,"₹34,950",3,,27% off,2023,
Hitachi,White,"₹23,236",3,3.9,32% off,,1.5
CARRIER,White,"₹38,680",2,,37% off,,1.5
Mitsubishi,White,"₹37,500",,,18% off,,0.8
Daikin,White,"₹39,890",,,31% off,,1.5
Hitachi,White,"₹27,690",2,4.1,10% off,2023,
Blue,White,"₹39,999",3,4.1,15% off,,
Daikin,White,"₹61,750",5,3.5,17% off,,1.8
Blue,White,"₹37,999",5,4.2,35% off,,
Daikin,White,"₹39,890",,,31% off,,1.5
Hitachi,White,"₹27,690",2,4.1,10% off,2023,
Daikin,White,"₹61,750",5,3.5,17% off,,1.8
Blue,White,"₹39,999",3,4.1,15% off,,
Hitachi,,"₹32,990",3,4,29% off,2023,
LG,,"₹32,990",3,4.1,52% off,2023,1.5
Voltas,White,"₹27,490",3,4.3,36% off,,1.5
Whirlpool,White,"₹43,500",,4.3,20% off,,1.5
LG,White,"₹46,990",5,4.2,39% off,,1.5
SAMSUNG,White,"₹45,999",3,4.2,41% off,,
CARRIER,White,"₹50,999",,,27% off,,
Voltas,White,"₹44,500",5,4.3,35% off,,1.5
Daikin,White,"₹72,500",2,,18% off,,2.2
LG,White,"₹38,250",5,,51% off,2023,
Daikin,White,"₹56,996",3,3.9,25% off,,1.8
Blue,White,"₹29,999",3,4.1,20% off,,1.5
Lloyd,White,"₹29,989",3,5,11% off,,
Hitachi,White,"₹49,300",5,2.8,25% off,,1.5
LG,White,"₹49,990",5,,16% off,,1.5
O,White,"₹81,900",5,,5% off,,
CARRIER,White,"₹53,400",3,,35% off,,
Blue,,"₹39,990",3,3.7,37% off,2023,1.5
Hitachi,White,"₹36,992",5,4,44% off,,1.5
CARRIER,White,"₹50,999",,,27% off,,
Hisense,White,"₹37,490",3,4.2,42% off,,
Panasonic,White,"₹34,399",3,,19% off,,1.5
Whirlpool,White,"₹38,250",5,4.1,38% off,,1.5
Blue,White,"₹35,890",3,3.6,41% off,,1.5
Voltas,White,"₹25,383",5,4.3,26% off,,1.5
Blue,,"₹48,700",5,,32% off,2023,1.5
Voltas,White,"₹34,990",5,3.7,45% off,,
Hitachi,White,"₹39,800",3,,36% off,2023,1.5
Lloyd,White,"₹29,990",2,,36% off,,
Hitachi,White,"₹69,000",2,,5% off,,
O,White,"₹65,999",,,11% off,,1.5
Lloyd,White,"₹48,599",5,,36% off,,1.5
Voltas,White,"₹70,436",5,4.2,,,1.5
Lloyd,White,"₹27,490",3,,42% off,2023,1.5
CARRIER,White,"₹46,500",5,,41% off,,1.5
Daikin,White,"₹30,490",3,3.2,31% off,,
realme,White,"₹30,999",5,4.2,43% off,2023,
Lloyd,White,"₹27,490",3,4.3,27% off,,1.5
Hisense,White,"₹33,000",4,4.2,31% off,,1.5
Voltas,White,"₹42,900",5,4.2,37% off,,1.5
Hitachi,,"₹36,999",5,3.9,40% off,2023,
LG,,"₹50,900",5,4.1,33% off,,1.5
Whirlpool,White,"₹32,419",3,4.3,52% off,,1.5
Voltas,White,"₹42,900",5,4.2,37% off,,1.5
Lloyd,White,"₹48,599",5,,36% off,,1.5
Whirlpool,White,"₹32,419",3,4.3,52% off,,1.5
Hitachi,,"₹36,999",5,3.9,40% off,2023,
LG,,"₹50,900",5,4.1,33% off,,1.5
Godrej,,"₹32,485",5,4.2,41% off,2023,1.5
LG,White,"₹34,900",2,3.7,27% off,,1.5
CANDY,White,"₹31,490",3,4,48% off,2023,1.5
Voltas,White,"₹29,000",3,3.8,49% off,,
Haier,,"₹27,900",2,3.4,46% off,2023,
Hitachi,White,"₹52,999",3,3.3,22% off,,
IFB,White,"₹34,633",5,4.3,32% off,,1.5
Blue,White,"₹46,999",3,,31% off,,1.7
Voltas,White,"₹34,800",3,4.2,36% off,,
Panasonic,,"₹47,990",5,4.1,34% off,2023,1.5
LG,White,"₹48,990",5,3.4,48% off,2023,1.5
ONIDA,White,"₹24,145",3,4.5,56% off,,1.5
Hitachi,,"₹39,999",3,3.7,37% off,2023,1.5
Voltas,White,"₹73,990",5,3.7,,,1.5
Haier,White,"₹37,990",3,4,42% off,,1.5
Lloyd,White,"₹35,500",5,,35% off,,1.5
Haier,White,"₹38,990",5,3.2,46% off,,1.6
O,White,"₹29,490",4,3.5,3% off,,0.75
Lloyd,White,"₹32,890",5,4.1,44% off,,
Lloyd,White,"₹32,790",5,4.1,44% off,,
Hisense,White,"₹31,990",3,,46% off,2023,
SAMSUNG,White,"₹44,900",5,,27% off,,1.5
Voltas,White,"₹36,200",5,3.7,35% off,,
Hitachi,White,"₹39,499",5,3.1,19% off,2023,1.5
Daikin,White,"₹44,700",3,4,27% off,,1.5
SAMSUNG,White,"₹32,886",4,,48% off,,1.5
Hisense,White,"₹34,990",3,,30% off,2023,1.5
Daikin,White,"₹59,199",,,19% off,,1.8
Daikin,White,"₹64,999",5,4.2,22% off,2023,1.8
Whirlpool,White,"₹37,680",5,4.1,49% off,2023,1.5
Whirlpool,White,"₹25,990",3,4.1,31% off,2023,
Voltas,White,"₹37,499",4,4,47% off,,1.5
Godrej,White,"₹33,999",5,4.1,29% off,,
Hitachi,White,"₹45,200",5,2.8,39% off,2023,1.5
O,White,"₹67,890",5,,9% off,,1.5
LG,White,"₹37,999",3,,34% off,,
Blue,White,"₹39,790",3,3.1,36% off,,1.5
Daikin,White,"₹43,889",,,17% off,,1.5
CARRIER,White,"₹54,999",5,4.4,26% off,,
Frigidaire,White,"₹28,999",3,,45% off,,
White,White,"₹32,999",3,,41% off,,
Daikin,White,"₹26,900",3,4.3,15% off,,0.8
SAMSUNG,White,"₹37,499",3,3.8,33% off,,1.5
White,White,"₹32,999",3,,41% off,,
Daikin,White,"₹26,900",3,4.3,15% off,,0.8
CARRIER,White,"₹54,999",5,4.4,26% off,,
SAMSUNG,White,"₹37,499",3,3.8,33% off,,1.5
MITASHI,White,"₹23,737",3,4.2,41% off,,
Blue,White,"₹43,699",5,4.3,28% off,,1.5
Haier,,"₹29,999",3,,30% off,,1.5
Midea,White,"₹34,990",5,4,40% off,,1.5
Voltas,White,"₹48,999",3,,34% off,,
Voltas,White,"₹42,900",5,4.3,37% off,,1.5
Panasonic,White,"₹41,990",3,,32% off,,1.5
Daikin,White,"₹46,490",2,,29% off,,1.8
Hitachi,Gold,"₹37,900",3,4,20% off,,1.5
Blue,White,"₹39,999",5,,21% off,,
Panasonic,White,"₹42,909",4,,27% off,,1.5
Voltas,White,"₹32,699",3,4.1,33% off,,0.8
Lloyd,White,"₹38,299",3,4.3,35% off,,1.5
O,White,"₹38,100",3,,6% off,,
Panasonic,White,"₹35,990",3,,31% off,2023,
LG,White,"₹37,999",3,,34% off,,
Panasonic,White,"₹44,990",5,3.9,17% off,,1.5
O,White,"₹62,500",4,,12% off,,1.8
Daikin,White,"₹39,490",5,3.5,28% off,,
Panasonic,White,"₹36,999",3,,36% off,,1.5
Daikin,White,"₹41,900",3,4.3,12% off,,1.5
Haier,,"₹34,990",3,3.5,43% off,2023,
Blue,White,"₹35,990",4,,39% off,2023,
Hitachi,,"₹49,999",2,4,25% off,2023,1.8
Haier,,"₹36,490",3,,45% off,2023,1.5
Godrej,White,"₹31,490",3,4.1,38% off,,1.5
Godrej,White,"₹32,999",3,4.5,46% off,,1.5
Voltas,White,"₹33,499",5,4.2,39% off,,1.2
Hitachi,White,"₹51,999",3,5,25% off,,1.8
Voltas,White,"₹36,999",5,3,35% off,,
Haier,White,"₹32,977",3,4.6,39% off,,
CARRIER,White,"₹38,760",3,3.8,37% off,,1.5
Haier,,"₹34,990",3,2.7,42% off,2023,
Godrej,White,"₹29,900",3,3.7,30% off,,
Hitachi,White,"₹45,999",5,,33% off,,1.5
Blue,White,"₹42,500",3,4,26% off,,1.5
Voltas,White,"₹34,300",3,4.2,42% off,,1.5
Voltas,White,"₹69,990",4,4.2,,,1.5
Voltas,White,"₹39,999",5,3.4,48% off,,1.5
MarQ,White,"₹19,999",3,4.2,55% off,,1.5
Daikin,White,"₹26,900",3,4,10% off,,0.8
SAMSUNG,,"₹40,499",4,4.1,40% off,2023,1.5
Hitachi,White,"₹45,799",5,,24% off,,1.5
SAMSUNG,White,"₹42,500",3,,32% off,2023,1.5
MarQ,White,"₹16,999",3,4.2,54% off,,
LG,White,"₹40,490",3,4.4,19% off,,1.5
Godrej,White,"₹31,900",3,,41% off,,1.5
Godrej,White,"₹32,499",,,24% off,,1.5
Panasonic,White,"₹54,950",3,,20% off,2023,
SAMSUNG,White,"₹41,990",5,4.1,40% off,,1.5
Whirlpool,White,"₹32,499",3,3.9,50% off,,1.5
SAMSUNG,White,"₹40,500",3,4.2,15% off,,1.5
CARRIER,White,"₹34,500",3,4.3,34% off,,
SAMSUNG,,"₹40,499",4,4.1,40% off,2023,1.5
Blue,White,"₹58,900",3,4.1,1% off,,
Hitachi,White,"₹27,707",3,3.8,42% off,,
SAMSUNG,White,"₹42,000",,,34% off,,1.5
Voltas,White,"₹38,999",,,43% off,,1.5
Panasonic,White,"₹46,510",5,,30% off,,1.5
Hitachi,,"₹49,999",3,3.9,38% off,2023,
Daikin,White,"₹46,779",5,5,34% off,,1.5
Lloyd,White,"₹30,999",3,,30% off,,
Voltas,White,"₹33,999",3,4.1,44% off,,1.5
Lloyd,White,"₹30,950",3,,31% off,,
LG,White,"₹55,900",3,4.4,25% off,,
Voltas,White,"₹48,490",3,4,35% off,,
Haier,White,"₹37,485",4,,42% off,,1.5
Daikin,White,"₹42,900",3,4.3,15% off,,1.5
Daikin,White,"₹46,779",5,5,34% off,,1.5
Lloyd,White,"₹30,999",3,3.7,30% off,,
Hitachi,White,"₹27,707",3,3.8,42% off,,
Voltas,White,"₹33,999",3,4.1,44% off,,1.5
Voltas,White,"₹48,490",3,4,35% off,,
Lloyd,White,"₹30,950",3,,31% off,,
LG,White,"₹55,900",3,4.4,25% off,,
Daikin,White,"₹37,218",3,3.9,13% off,,1.5
LG,White,"₹48,990",4,4.4,48% off,2023,1.5
Voltas,White,"₹48,950",3,,34% off,,
LG,White,"₹33,399",,4.4,45% off,,1.5
Haier,White,"₹37,485",4,,42% off,,1.5
SAMSUNG,White,"₹48,990",3,,40% off,2023,
Whirlpool,White,"₹49,167",3,4.2,,,1.5
Blue,White,"₹37,490",3,4.6,41% off,2023,1.5
CARRIER,White,"₹41,500",3,4.3,21% off,,1.5
Lloyd,White,"₹38,500",3,4.1,36% off,,1.5
Whirlpool,White,"₹32,499",3,4.1,39% off,,1.5
Daikin,White,"₹42,900",3,4.3,15% off,,1.5
Lloyd,White,"₹38,400",3,4.2,9% off,,1.5
Panasonic,White,"₹44,990",5,,17% off,,1.5
Hitachi,,"₹45,999",3,3.7,43% off,2023,
CARRIER,White,"₹41,500",3,3.7,25% off,,1.5
Hitachi,White,"₹42,871",5,3.6,2% off,,1.5
Blue,White,"₹40,999",3,4.4,17% off,,1.5
Voltas,White,"₹47,540",3,,42% off,,1.5
LG,White,"₹37,850",3,3.8,36% off,,1.5
Hitachi,White,"₹40,990",3,3.8,41% off,,1.8
Hitachi,Gold,"₹49,500",5,,18% off,,1.5
CARRIER,White,"₹46,500",5,4.4,26% off,,1.5
Daikin,White,"₹63,799",5,4,21% off,,1.5
ONIDA,White,"₹42,500",5,,19% off,2023,1.5
Whirlpool,White,"₹38,120",5,4.1,48% off,,1.5
Daikin,White,"₹45,199",3,4.4,13% off,,1.5
LG,White,"₹43,543",5,4.2,26% off,,
Blue,White,"₹40,500",4,4.3,33% off,,1.5
SAMSUNG,White,"₹47,499",5,,37% off,2023,1.5
Thomson,White,"₹28,999",2,4.1,27% off,2023,1.5
Lloyd,White,"₹38,500",3,4.1,36% off,,1.5
Lloyd,White,"₹30,990",3,3.8,31% off,,
SAMSUNG,White,"₹43,490",5,,33% off,2023,1.5
Hitachi,White,"₹36,039",3,3,17% off,,
Panasonic,White,"₹40,299",5,,30% off,,
Daikin,White,"₹35,887",4,,30% off,,
Daikin,White,"₹46,499",2,4.1,10% off,,1.8
Voltas,White,"₹39,999",5,4.2,47% off,2023,1.5
LG,White,"₹48,199",5,4.7,36% off,,1.5
CARRIER,White,"₹42,500",3,,37% off,,1.5
Daikin,White,"₹50,999",3,,26% off,,1.8
CARRIER,White,"₹42,300",5,4.5,37% off,,
CARRIER,White,"₹56,500",3,,25% off,,
Daikin,White,"₹44,999",5,4.2,13% off,,
Blue,White,"₹42,500",3,4.1,23% off,,1.5
Lloyd,White,"₹36,990",3,,27% off,,1.5
CARRIER,White,"₹27,000",3,4.3,9% off,,
Voltas,White,"₹54,890",,,41% off,,
Panasonic,White,"₹49,450",5,,26% off,2023,1.5
IFB,White,"₹40,500",3,4.3,18% off,,1.5
ONIDA,White,"₹42,500",5,4.4,30% off,,1.5
Lloyd,White,"₹36,599",3,4.2,30% off,,1.5
Lloyd,White,"₹35,200",5,3.6,23% off,,1.5
Daikin,White,"₹49,199",5,4.5,20% off,,1.5
O,White,"₹65,000",5,3.5,7% off,,1.5
LG,,"₹46,500",4,4,42% off,,1.5
Godrej,White,"₹40,500",5,4,27% off,,1.5
Blue,White,"₹49,300",5,4.2,6% off,,1.5
Blue,White,"₹48,900",5,4.2,26% off,,1.5
Godrej,White,"₹39,999",5,4.2,27% off,2023,1.5
Hitachi,White,"₹48,500",5,4.4,19% off,,1.5
Daikin,White,"₹38,900",4,4,23% off,,
Blue,White,"₹42,500",3,4.2,27% off,,1.5
LG,Floral,"₹55,999",3,4.3,,,1.5
Hitachi,,"₹45,399",3,3.9,38% off,2023,1.8
Voltas,White,"₹44,400",5,3.8,35% off,,1.5
Daikin,White,"₹42,500",3,4.3,1% off,,1.5
TOSHIBA,White,"₹37,349",3,4.1,25% off,,1.5
ONIDA,White,"₹37,500",3,4.3,29% off,,1.5
Hitachi,Gold,"₹52,699",3,4,,,1.5
Daikin,White,"₹50,400",5,4.2,9% off,,1.5
Panasonic,White,"₹62,000",4,2.3,,,2.2
Daikin,White,"₹37,200",4,4,22% off,,
O,White,"₹75,500",5,,11% off,,
Thomson,,"₹26,399",3,4,33% off,2023,
IFB,White,"₹40,500",3,4.3,18% off,,1.5
LG,White,"₹50,900",5,,36% off,,1.5
SAMSUNG,White,"₹45,309",5,4.1,22% off,,1.5
Voltas,White,"₹44,699",3,3.7,44% off,,
Lloyd,White,"₹29,399",3,4.2,29% off,,
Panasonic,White,"₹42,509",4,,36% off,2023,1.5
Godrej,White,"₹47,999",3,4.1,,,1.5
Haier,White,"₹45,990",5,4.1,29% off,,1.5
CARRIER,,"₹46,500",5,4.1,37% off,,1.5
Hitachi,White,"₹55,050",3,,,2023,
Blue,White,"₹48,500",5,3.8,29% off,,1.5
Hitachi,White,"₹54,600",5,3.9,,,
Daikin,White,"₹40,288",3,4.3,8% off,,1.5
Voltas,White,"₹40,990",5,4.2,,,1.5
Daikin,White,"₹44,316",4,4.3,27% off,,1.5
Daikin,White,"₹44,209",5,,27% off,,
Blue,White,"₹51,750",3,,,,
MOTOROLA,Silver,"₹37,999",3,4.4,18% off,,1.5
Voltas,White,"₹51,990",3,4.4,,,1.5
Voltas,White,"₹48,990",3,4.2,,,
Whirlpool,White,"₹53,950",3,4.2,,,1.5
O,White,"₹45,999",4,,7% off,,1.5
Godrej,White,"₹39,900",5,2.8,23% off,,1.5
Panasonic,White,"₹35,999",3,3.2,23% off,,1.5
Blue,White,"₹38,490",5,3.8,23% off,2023,1.5
Blue,White,"₹37,599",3,3.8,14% off,,
Daikin,White,"₹40,580",5,4.2,22% off,,
Daikin,White,"₹46,390",3,3.4,29% off,,1.8
Blue,White,"₹39,990",3,4.1,16% off,2023,
Haier,White,"₹38,028",3,4.1,,,1.5
Haier,,"₹32,499",3,4.1,40% off,2023,
Equator,Silver,"₹26,999",,2,44% off,,0.75
Hitachi,White,"₹36,799",3,3.4,23% off,,
Hitachi,Gold,"₹38,390",3,3.4,23% off,,1.5
Voltas,White,"₹30,590",3,4.3,,,1.5
GREE,Champagne,"₹98,990",5,,22% off,,
Lloyd,White,"₹36,685",3,,36% off,,1.4
Voltas,White,"₹64,990",3,4.1,,,1.5
Voltas,White,"₹23,729",3,4.2,56% off,,1.2
Hitachi,Gold,"₹25,883",3,4,40% off,,
Lloyd,White,"₹39,400",3,2.7,40% off,,1.5
Haier,White,"₹54,491",3,3.4,,,
Daikin,White,"₹54,500",3,4.3,,,1.5
LG,White,"₹43,395",4,2.6,40% off,,1.5
SAMSUNG,White,"₹33,590",3,,36% off,2023,
Voltas,White,"₹73,990",5,3.8,,,1.5
IFB,White,"₹62,690",3,,,,
Voltas,White,"₹34,899",3,4.3,,,1.5
Daikin,White,"₹64,999",5,4.4,13% off,,1.8
SAMSUNG,White,"₹45,309",5,4.2,25% off,,1.5
Daikin,White,"₹43,120",4,,26% off,,1.5
O,White,"₹68,500",3,,8% off,,2.1
Daikin,White,"₹39,300",4,3.2,32% off,,1.5
CARRIER,White,"₹42,990",,,,,1.5
Godrej,White,"₹31,900",3,4.4,28% off,,1.5
Hitachi,White,"₹54,300",3,,,2023,
Haier,White,"₹68,490",,,,,1.5
Blue,White,"₹33,990",3,,35% off,2023,
Panasonic,White,"₹33,200",3,5,36% off,,
Daikin,White,"₹44,490",4,2,23% off,,1.5
Daikin,White,"₹35,999",3,4.2,14% off,,
Hitachi,Gold,"₹38,390",3,3.4,23% off,,1.5
Voltas,White,"₹30,590",3,4.3,,,1.5
GREE,Champagne,"₹98,990",5,,22% off,,
Lloyd,White,"₹36,685",3,,36% off,,1.4
Godrej,White,"₹32,449",3,4.5,24% off,,1.5
Voltas,White,"₹64,990",3,4.1,,,1.5
Voltas,White,"₹23,729",3,4.2,56% off,,1.2
Hitachi,Gold,"₹25,883",3,4,40% off,,
Lloyd,White,"₹39,400",3,2.7,40% off,,1.5
Haier,White,"₹54,491",3,3.4,,,
LG,White,"₹43,395",4,2.6,40% off,,1.5
Hitachi,White,"₹54,600",5,4.6,,,
Voltas,White,"₹30,499",3,4.1,37% off,,
Voltas,White,"₹73,990",5,3.8,,,1.5
Voltas,White,"₹34,899",3,4.3,,,1.5
IFB,White,"₹62,690",3,,,,
Lloyd,White,"₹40,800",5,4.2,25% off,,
Daikin,White,"₹64,999",5,4.4,13% off,,1.8
Daikin,White,"₹43,120",4,,26% off,,1.5
SAMSUNG,White,"₹45,309",5,4.2,25% off,,1.5
LG,White,"₹47,499",5,3.6,37% off,,1.5
SAMSUNG,White,"₹33,390",4,3.6,34% off,,
Daikin,White,"₹39,300",4,3.2,32% off,,1.5
O,White,"₹68,500",3,,8% off,,2.1
LG,White,"₹38,475",3,,33% off,,
Daikin,White,"₹38,000",5,4.2,,,1.5
Lloyd,White,"₹34,850",3,4.2,34% off,,1.5
ONIDA,White,"₹34,477",5,4.9,38% off,,
Hitachi,White,"₹29,888",3,4.1,,,1.5
Daikin,White,"₹53,000",5,4.2,15% off,,1.5
ONIDA,White,"₹29,990",3,,30% off,2023,
Blue,White,"₹40,500",3,3.7,22% off,,1.5
Hitachi,White,"₹30,490",3,2.7,30% off,,
Godrej,White,"₹42,999",3,,17% off,,
Daikin,White,"₹42,900",3,4.2,11% off,,1.5
Haier,White,"₹37,990",3,,44% off,,1.5
SAMSUNG,White,"₹45,200",5,,38% off,,1.5
CARRIER,White,"₹38,800",3,,42% off,,1.5
Lloyd,White,"₹47,990",3,4,35% off,,
Daikin,White,"₹46,699",5,4,30% off,,
Haier,White,"₹38,885",3,4,35% off,,1.5
Lloyd,White,"₹30,880",3,4,26% off,,
Panasonic,White,"₹42,400",3,,45% off,,1.5
Panasonic,White,"₹55,000",4,,28% off,,
IFB,White,"₹41,500",3,4.6,6% off,,1.5
Hitachi,White,"₹51,390",3,,,,1.5
Hitachi,White,"₹45,000",4,,25% off,,
Lloyd,White,"₹43,490",5,4.4,29% off,,1.5
Panasonic,White,"₹33,200",3,,30% off,,
Daikin,White,"₹35,999",3,3.8,27% off,,
LG,White,"₹38,475",3,,33% off,,
VG,White,"₹33,990",4,,27% off,,1.5
SAMSUNG,White,"₹45,309",5,4.2,17% off,,1.5
Daikin,White,"₹53,000",5,4.2,15% off,,1.5
CARRIER,White,"₹36,500",5,4.4,6% off,,1.5
Panasonic,White,"₹52,499",3,,24% off,,
Lloyd,White,"₹34,850",3,4.2,34% off,,1.5
Panasonic,White,"₹41,350",4,,30% off,,1.5
SAMSUNG,White,"₹31,390",3,,38% off,2023,
Daikin,White,"₹38,000",5,4.2,,,1.5
Daikin,White,"₹33,999",3,4.2,7% off,,
ONIDA,White,"₹34,477",5,4.9,38% off,,
Godrej,White,"₹42,999",3,,17% off,,
ONIDA,White,"₹29,990",3,,30% off,2023,
Haier,White,"₹38,885",3,4,35% off,,1.5
Hitachi,White,"₹30,490",3,2.7,30% off,,
Daikin,White,"₹42,900",3,4.2,11% off,,1.5
CARRIER,White,"₹36,500",5,4.3,8% off,,1.5
Haier,White,"₹37,990",3,,44% off,,1.5
LG,White,"₹51,000",5,3.5,32% off,,1.5
SAMSUNG,White,"₹45,200",5,,38% off,,1.5
CARRIER,White,"₹38,800",3,,42% off,,1.5
Hitachi,White,"₹45,000",4,,25% off,,
Lloyd,White,"₹43,490",5,4.4,29% off,,1.5
Hitachi,White,"₹51,390",3,,,,1.5
LG,White,"₹39,050",3,,32% off,,1.5
Panasonic,White,"₹38,890",4,4.2,,,
IFB,White,"₹45,600",5,4.3,14% off,,1.5
GREE,Champagne,"₹59,595",5,,21% off,,
Panasonic,White,"₹55,400",4,,17% off,,
Panasonic,White,"₹38,890",4,3.6,29% off,,1.5
CARRIER,White,"₹34,490",3,,17% off,,
Panasonic,White,"₹31,000",3,4.4,,,
CARRIER,White,"₹41,600",3,,45% off,,1.5
Daikin,White,"₹52,900",3,4.2,18% off,,1.8
VG,White,"₹30,990",2,,20% off,,1.5
CARRIER,White,"₹35,400",3,2,34% off,,
Blue,White,"₹62,999",,,,,
IFB,White,"₹40,500",3,4.2,12% off,,1.5
Hitachi,White,"₹48,378",5,4.1,19% off,,1.5
Panasonic,White,"₹62,304",5,4.3,24% off,,
Lloyd,White,"₹29,999",3,4.3,21% off,,1.5
Daikin,White,"₹42,999",4,3.4,29% off,,1.5
Daikin,White,"₹52,300",5,4.4,20% off,,1.5
Daikin,White,"₹48,000",3,3.6,,,1.8
Daikin,White,"₹59,533",5,,,,1.8
Panasonic,White,"₹63,000",4,,25% off,,2.2
Daikin,White,"₹72,500",4,,5% off,,1.8
Voltas,White,"₹54,640",3,,39% off,2023,
imee,White,"₹34,999",3,,56% off,,1.5
Lloyd,White,"₹58,999",3,,,,1.5
Panasonic,White,"₹37,079",3,,22% off,,1.5
Daikin,White,"₹44,280",2,4.3,,,1.8
Gazhal,Off,"₹34,499",,,17% off,,
Lloyd,White,"₹37,490",5,2.7,35% off,,
Gazhal,Off,"₹35,749",,,19% off,,1.5
Gazhal,Off,"₹35,995",,,19% off,,
Gazhal,Off,"₹33,749",,,19% off,,1.5
Godrej,White,"₹33,499",,,27% off,,1.5
Hitachi,White,"₹47,790",5,4.3,,,
vizio,Off,"₹33,200",,,21% off,,1.5
Panasonic,White,"₹42,090",4,,19% off,,1.5
Daikin,White,"₹37,218",3,4.2,16% off,,1.5
Haier,White,"₹72,990",5,,,,1.6
LG,White,"₹40,370",,,36% off,,
Panasonic,White,"₹62,000",5,3.3,10% off,,
Daikin,White,"₹43,990",3,3.2,24% off,,1.5
LG,White,"₹40,370",,,34% off,,
Daikin,White,"₹69,014",5,3.7,25% off,,1.8
Blue,White,"₹33,000",3,,,2023,
Panasonic,White,"₹30,000",3,4,,,1.5
Daikin,White,"₹62,000",4,3.4,28% off,,2.02
Panasonic,White,"₹45,700",5,,,,
Panasonic,White,"₹29,999",3,4.8,27% off,,1.5
SAMSUNG,White,"₹39,990",4,,37% off,,1.5
Hitachi,White,"₹59,590",3,4.2,,,
IFB,Ivory,"₹29,500",,,26% off,,
Daikin,White,"₹54,017",4,3.7,25% off,,1.8
Haier,Silver,"₹1,20,000",3,3.3,,,
SAMSUNG,White,"₹46,590",5,,36% off,,1.5
LG,White,"₹65,000",5,,1% off,,1.5
SAMSUNG,White,"₹43,990",3,,17% off,,1.5
LG,White,"₹48,454",5,,37% off,,1.5
Blue,White,"₹42,250",,,,,
Voltas,White,"₹49,490",3,3.9,,,
IFB,White,"₹40,490",3,4.3,,,
Panasonic,White,"₹28,500",3,4.2,,,1.5
IFB,White,"₹40,500",3,4.2,,,
Blue,White,"₹52,750",3,,,,1.5
Hitachi,White,"₹62,598",5,,,2023,
Voltas,White,"₹59,990",4,4.2,,,1.5
Voltas,White,"₹54,990",,3.3,,,
Daikin,White,"₹35,661",4,,29% off,,
Voltas,White,"₹40,999",2,4.2,,,
Hitachi,White,"₹51,390",3,,,,1.5
Haier,White,"₹60,990",3,4.1,,,1.5
Voltas,White,"₹49,490",3,3.9,,,
IFB,White,"₹40,490",3,4.3,,,
Panasonic,White,"₹28,500",3,4.2,,,1.5
IFB,White,"₹40,500",3,4.2,,,
Blue,White,"₹52,750",3,,,,1.5
Voltas,White,"₹59,990",4,4.2,,,1.5
Voltas,White,"₹54,990",,3.3,,,
Daikin,White,"₹35,661",4,,29% off,,
Voltas,White,"₹40,999",2,4.2,,,
Blue,White,"₹53,899",3,4.5,19% off,,
IFB,White,"₹59,590",3,4.2,,,
Daikin,White,"₹40,990",4,3.8,43% off,,1.8
Lloyd,White,"₹75,999",3,,,,
Mitsubishi,White,"₹59,796",3,,3% off,,1.6
Daikin,White,"₹61,300",4,4.2,,,1.5
IFB,White,"₹55,490",5,4.3,,,1.5
O,White,"₹40,490",3,,8% off,,
O,White,"₹72,630",3,,,,
